label,text
medical,"Medical History Form

Patient Information:

Name: Edward 

Date of Birth: January 15, 1995

Address: 123 Maple Street, Mumbai, Maharashtra, India

Medical History:

Allergies: Lactose intolerant
Medications: None currently taken
Past Illnesses: History of tuberculosis diagnosed in childhood
"
medical,"Physical Examination Report

Patient Information:

Name: Aradhya Patil

Date of Birth: March 12, 2000

Address: 456 Saket, Delhi, India

Physical Examination Findings:

Vital Signs: Blood pressure 120/80 mmHg, heart rate 80 bpm, temperature 98.6°F
General Appearance: Appears well-nourished, signs of distress
Systems Exam: Normal findings on cardiovascular, respiratory, gastrointestinal, and neurological examinations"
medical,"Laboratory Test Results (Blood Test)

Patient Information:

Name: Ayan Singh

Date of Birth: July 18, 1975

Address: 131 Elm Road, Bangalore, Karnataka, India

Test Results:

Complete Blood Count (CBC):
Hemoglobin: 14.5 g/dL
White Blood Cell Count: 7,500/μL
Platelet Count: 200,000/μL
Lipid Profile:
Total Cholesterol: 180 mg/dL
HDL Cholesterol: 50 mg/dL
LDL Cholesterol: 110 mg/dL"
medical,"Radiology Report (X-ray)

Patient Information:

Name: Bhavya Gupta

Date of Birth: November 19, 1982

Address: 100 Pine Avenue, Kolkata, West Bengal, India

Imaging Findings:

Chest X-ray:
Clear lungs with no fluid or inflammation
A heart that is normal in size and shape
No broken bones or fractures in the ribs or spine
Normal blood vessels and airways"
medical,"Prescription Record

Patient Information:

Name: Rohit Verma

Date of Birth: September 8, 1980

Address: 456 Cedar Lane, Chennai, Tamil Nadu, India

Prescription Details:

Medication: Amoxicillin 500 mg
Dosage: Take 1 capsule by mouth three times daily for 10 days
Indication: Treatment of bacterial sinusitis"
medical,"Surgical Procedure Report

Patient Information:

Name: Nisha Singhania

Date of Birth: March 25, 1970

Address: 780 Jasmine Street, Hyderabad, Telangana, India

Procedure Details:

Surgery: Appendectomy
Surgeon: Dr. Sunil Kumar
Date: February 23, 2024
Operative Findings: Acute appendicitis with perforation, appendectomy performed without complications"
medical,"Progress Notes

Patient Information:

Name: Ankit Mehta

Date of Birth: June 15, 1995

Address: 123 Sunflower Lane, Pune, Maharashtra, India

Notes:

Date: February 7, 2024
Subjective: Patient reports mild improvement in symptoms of upper respiratory infection.
Objective: Vital signs stable, temperature 99°F.
Assessment: Diagnosis of viral URI, continue supportive care.
Plan: Advise rest, increased fluid intake, and symptomatic treatment with acetaminophen as needed."
medical,"Psychiatric Evaluation Report

Patient Information:

Name: Tanya Kapoor

Date of Birth: October 2, 1989

Address: 456 Lotus Road, Kolkata, West Bengal, India

Evaluation Findings:

Chief Complaint: Symptoms of depression, including low mood, anhedonia.
Psychiatric History: History of depression and anxiety, currently not on any psychiatric medications.
Mental Status Examination: Depressed mood, psychomotor retardation, intact cognition.
Diagnosis: Major Depressive Disorder, moderate severity."
medical,"Occupational Therapy Assessment

Patient Information:

Name: Kartik Sharma

Date of Birth: May 10, 1970

Address: 120 Birch Street, Mumbai, Maharashtra, India

Assessment Findings:

Occupational History: Patient works as a Accountant, reports difficulty with wrist pain and reduced grip strength.
Functional Assessment: reduced range of motion in wrists.
Treatment Plan: Recommend therapeutic exercises to improve wrist strength and mobility."
medical,"Nutritional Assessment

Patient Information:

Name: Anaya Verma

Date of Birth: August 15, 1995

Address: 789 Cedar Lane, Bangalore, Karnataka, India

Assessment Findings:

Dietary History: Patient consumes a high-fat diet with low intake of fruits and vegetables.
Anthropometric Measurements: BMI 28 (overweight), waist circumference 90 cm (increased risk of metabolic complications).
Nutritional Status: Inadequate intake of essential nutrients, particularly vitamins and fiber.
Recommendations: Advise dietary modification to include more fruits, vegetables, and whole grains; encourage regular exercise for weight management."
legal ,"Freelance Logo Design Contract

Parties:

This agreement is made on February 7, 2024, between:

Aecent decision of the High Court in Australian Broadcasting Corporation v O'Neill [2006] HCA 46 clarifies this issue. Gleeson CJ and Crennan J (at [19]), after referring to various cases dealing with the grant of interlocutory injunctions in cases of defamation, formulated the general principles governing the grant of such relief in the following terms: ""in all applications for an interlocutory injunction, a court will ask whether the plaintiff has shown that there is a serious question to be tried as to the plaintiff's entitlement to relief, has shown that the plaintiff is likely to suffer injury for which damages will not be an adequate remedy, and has shown that the balance of convenience favours the granting of an injunction.""
"
legal ,"Freelance Logo Design Contract

Parties:

This agreement is made on February 7, 2024, between:

Arnav Sharma, located at 123 Main Street, Delhi, India, hereinafter referred to as the ""Client,""

and

Neha Design Studio, located at 456 Elm Street, Mumbai, India, hereinafter referred to as the ""Designer.""

Scope of Work:

Neha Design Studio agrees to create a custom logo design for Arnav Sharma's business, ""Green Solutions,"" according to the specifications provided by the Client. This includes:

Design concept based on the client's preferences for a nature-inspired logo representing sustainability and environmental consciousness.
Up to 3 rounds of revisions to the initial design concept.
Payment Terms:

Minister for Immigration and Multicultural Affairs v Wang [2003] HCA 11 ; (2003) 215 CLR 518"
legal ,"Last Will and Testament                                           SZBYR v Minister for Immigration and Citizenship [2007] FCA 26 ; (2007) 235 ALR 609

It is now well accepted that, where an application for an administrative decision such as here is one which the decision-maker was bound by the governing statute to refuse, irrespective of any question of procedural fairness, then relief may be refused on the ground of utility: see Re Refugee Review Tribunal; Ex parte Aala [2000] FCA 57 ; (2000) 204 CLR 82 at [57] - [58] ; SZBYR v Minister for Immigration and Citizenship [2007] FCA 26 ; (2007) 235 ALR 609 at [29] . But for such to occur, it must be quite clear that a rehearing or reconsideration would be futile: Lee v Minister for Immigration and Citizenship (2007) 159 FCR 181 at [48]."
legal ,"Title: Contract for Services Between [Party A] and [Party B]

Preamble: This Contract for Services (""Contract"") is entered into on [Date], by and between [Party A], a company organized and existing under the laws of [State/Country], with its principal place of business at [Address] (""Client""), and [Party B], a company organized and existing under the laws of [State/Country], with its principal place of business at [Address] (""Service Provider"").

Definitions: For the purposes of this Contract, the following terms shall have the meanings set forth below:

""Services"" shall mean [Description of services to be provided by Service Provider].
""Term"" shall mean the duration of this Contract as specified in Section [X].
...
Agreement Terms:

Services: Service Provider agrees to provide the following services to Client: [Description of services].

Payment: Client agrees to pay Service Provider the sum of $[Amount] for the services rendered. Payment shall be made [Specify payment terms].

Term: This Contract shall commence on [Start Date] and shall continue in full force and effect until [End Date] unless terminated earlier as provided herein.

Termination: Either party may terminate this Contract upon [Notice Period] written notice to the other party in the event of a material breach of any provision of this Contract by the other party.

...

Representations and Warranties:

Authority: Each party represents and warrants that it has the authority to enter into this Contract and to perform its obligations hereunder.

Accuracy of Information: Each party represents and warrants that all information provided to the other party under this Contract is true, accurate, and complete to the best of its knowledge.

Miscellaneous:

Amendments: This Contract may be amended only by a written instrument signed by both parties.

Governing Law and Jurisdiction: This Contract shall be governed by and construed in accordance with the laws of [State/Country]. Any disputes arising under or in connection with this Contract shall be subject to the exclusive jurisdiction of the courts of [State/Country].

IN WITNESS WHEREOF, the parties hereto have executed this Contract as of the date first above written.

[Signature Block for Party A]

[Signature Block for Party B]"
legal ,"Title: Lease Agreement for [Property Address]

Preamble: This Lease Agreement (""Lease"") is made and entered into on [Date], by and between [Landlord], the owner of the property located at [Property Address], and [Tenant], for the leasing of the premises located at [Property Address]."
legal ,"Service Agreement

Parties:

This agreement is made on February 7, 2024, between:

Service Provider: ABC Cleaning Services, located at 456 Cedar Lane, Chennai, Tamil Nadu, India.

Client: Rajesh Kumar, residing at 789 Birch Avenue, Hyderabad, Telangana, India.

Scope of Services:

Service: The Service Provider agrees to provide weekly cleaning services to the Client's residential property located at 789 Birch Avenue.
Frequency: Cleaning services shall be provided every Saturday, starting from February 15, 2024.
Payment: The Client shall pay ₹3,000 per month for the cleaning services, payable on the first day of each month.
Termination: Either party may terminate this agreement with 15 days' written notice.
Governing Law: This agreement shall be governed by the laws of India.
Signatures:

Service Provider Signature: __________________________ Date: _______________

Client Signature: __________________________ Date: _______________
"
legal ,"Trademark Application

Applicant:

Name: Ananya Enterprises

Address: 123 Pine Street, Mumbai, Maharashtra, India

Lease Agreement:
Title: Lease Agreement for [Property Address]

Preamble: This Lease Agreement (""Lease"") is made and entered into on [Date], by and between [Landlord], the owner of the property located at [Property Address], and [Tenant], for the leasing of the premises located at [Property Address].

Agreement Terms:

Term: The term of this Lease shall be [Term] commencing on [Start Date] and ending on [End Date].

Rent: Tenant agrees to pay Landlord a monthly rent of $[Amount], due on the [Day of the Month] of each month.

Use of Premises: Tenant shall use the premises solely for [Permitted Use] and shall comply with all laws, ordinances, and regulations applicable to the premises.

...

Miscellaneous:

Maintenance and Repairs: [Specify responsibilities for maintenance and repairs]

Default: [Specify remedies for default by either party]"
legal ,"Power of Attorney



User
legal documents format related o law
ChatGPT
Legal documents typically follow a standard format to ensure clarity and compliance with legal requirements. Here's a basic outline of the typical structure for many legal documents:

Title: The title should clearly indicate the type of document and the parties involved. For example, ""Contract for Services Between [Party A] and [Party B].""

Preamble: This section provides background information about the document, such as the date, the parties involved, and the purpose of the agreement.

Definitions: Define any terms or phrases used throughout the document to ensure clarity and consistency in interpretation.

Recitals: These are introductory statements that set forth the reasons for the agreement or the background leading up to it. They can include the parties' intentions, relevant facts, or legal context.

Agreement Terms: This section outlines the specific terms and conditions of the agreement. It should cover all relevant aspects of the agreement, including rights and obligations of the parties, payment terms, duration, and any other important provisions.

Representations and Warranties: Here, the parties make certain promises about their authority to enter into the agreement, the accuracy of information provided, and other relevant matters.

Covenants: These are promises or agreements by the parties to do or not do certain things during the term of the agreement.

Indemnification: This section specifies how the parties will compensate each other for losses or damages arising from the agreement.

Confidentiality: If applicable, include provisions regarding the protection of confidential information.

Dispute Resolution: Outline how disputes will be resolved, whether through arbitration, mediation, or litigation.

Governing Law and Jurisdiction: Specify the governing law that will apply to the agreement and the jurisdiction where disputes will be heard.

Miscellaneous Provisions: Include any other relevant provisions, such as amendments, waivers, notices, and the entire agreement clause.

Signatures: Finally, provide space for the parties to sign and date the document, indicating their agreement to be bound by its terms.

It's important to note that the specific format and content of legal documents may vary depending on the jurisdiction and the nature of the agreement. It's always a good idea to consult with a legal professional when drafting or reviewing legal documents to ensure compliance with applicable laws and regulations.

User
written format with example of a legal document
ChatGPT
Sure, here's an example of a simple legal document format along with an example contract for services between two parties:

Title: Contract for Services Between [Party A] and [Party B]

Preamble: This Contract for Services (""Contract"") is entered into on [Date], by and between [Party A], a company organized and existing under the laws of [State/Country], with its principal place of business at [Address] (""Client""), and [Party B], a company organized and existing under the laws of [State/Country], with its principal place of business at [Address] (""Service Provider"").

Definitions: For the purposes of this Contract, the following terms shall have the meanings set forth below:

""Services"" shall mean [Description of services to be provided by Service Provider].
""Term"" shall mean the duration of this Contract as specified in Section [X].
...
Agreement Terms:

Services: Service Provider agrees to provide the following services to Client: [Description of services].

Payment: Client agrees to pay Service Provider the sum of $[Amount] for the services rendered. Payment shall be made [Specify payment terms].

Term: This Contract shall commence on [Start Date] and shall continue in full force and effect until [End Date] unless terminated earlier as provided herein.

Termination: Either party may terminate this Contract upon [Notice Period] written notice to the other party in the event of a material breach of any provision of this Contract by the other party.

...

Representations and Warranties:

Authority: Each party represents and warrants that it has the authority to enter into this Contract and to perform its obligations hereunder.

Accuracy of Information: Each party represents and warrants that all information provided to the other party under this Contract is true, accurate, and complete to the best of its knowledge.

Miscellaneous:

Amendments: This Contract may be amended only by a written instrument signed by both parties.

Governing Law and Jurisdiction: This Contract shall be governed by and construed in accordance with the laws of [State/Country]. Any disputes arising under or in connection with this Contract shall be subject to the exclusive jurisdiction of the courts of [State/Country].

IN WITNESS WHEREOF, the parties hereto have executed this Contract as of the date first above written.

[Signature Block for Party A]

[Signature Block for Party B]

Please note that this is a basic example, and actual legal documents may vary in complexity and detail depending on the specific requirements and circumstances of the parties involved. It's essential to consult with a legal professional to ensure that any legal document meets the necessary legal standards and accurately reflects the intentions of the parties.

User
more examples
ChatGPT
Certainly! Here are a few more examples of common legal documents along with their formats:

Non-Disclosure Agreement (NDA):
Title: Non-Disclosure Agreement between [Disclosing Party] and [Recipient]

Preamble: This Non-Disclosure Agreement (""Agreement"") is entered into on [Date], by and between [Disclosing Party], a company organized and existing under the laws of [State/Country], with its principal place of business at [Address] (""Disclosing Party""), and [Recipient], a company organized and existing under the laws of [State/Country], with its principal place of business at [Address] (""Recipient"").

Definitions: [Define terms such as ""Confidential Information,"" ""Permitted Purpose,"" etc.]

Agreement Terms:

Confidentiality Obligations: Recipient agrees to hold in confidence and not disclose any Confidential Information of the Disclosing Party except as necessary to fulfill the Permitted Purpose.

Use of Confidential Information: Recipient agrees to use the Confidential Information solely for the Permitted Purpose and to take reasonable measures to protect the confidentiality of such information.

...

Representations and Warranties: [Include statements regarding authority to enter into the Agreement, etc.]

Miscellaneous:

Term and Termination: This Agreement shall remain in effect for a period of [Term], unless terminated earlier by either party upon written notice to the other party.

...

Employment Agreement:

[Follow a similar format as the Contract for Services, but include provisions such as job title, duties and responsibilities, compensation, benefits, non-compete and non-solicitation clauses, etc.]

Lease Agreement:
Title: Lease Agreement for [Property Address]

Preamble: This Lease Agreement (""Lease"") is made and entered into on [Date], by and between [Landlord], the owner of the property located at [Property Address], and [Tenant], for the leasing of the premises located at [Property Address].

Agreement Terms:

Term: The term of this Lease shall be [Term] commencing on [Start Date] and ending on [End Date].

Rent: Tenant agrees to pay Landlord a monthly rent of $[Amount], due on the [Day of the Month] of each month.

Use of Premises: Tenant shall use the premises solely for [Permitted Use] and shall comply with all laws, ordinances, and regulations applicable to the premises.

...

Miscellaneous:

Maintenance and Repairs: [Specify responsibilities for maintenance and repairs]

Default: [Specify remedies for default by either party]

These are just a few examples, and the format and content of legal documents can vary depending on the specific circumstances and requirements. It's essential to tailor the document to meet the needs of the parties involved and to ensure compliance with applicable laws and regulations.

User
proper example of a legal document with a proper format on law based
ChatGPT
Certainly! Below is an example of a legal document known as a ""Settlement Agreement,"" which is commonly used to resolve disputes between parties. This example outlines a settlement agreement between an employer and an employee who are resolving a dispute through mutual agreement:

Settlement Agreement

Between

[Employer's Name] (hereinafter referred to as the ""Employer"")

And

[Employee's Name] (hereinafter referred to as the ""Employee"")

Date: [Date]

Recitals:

Employment Relationship: The Employee was employed by the Employer as [Position] pursuant to an employment agreement dated [Date].

Dispute: The Employee and the Employer have been engaged in a dispute regarding [Nature of Dispute].

Resolution: The parties desire to settle the dispute on the terms and conditions set forth in this Settlement Agreement.

Agreement:

Release of Claims: In consideration of the promises and commitments set forth herein, the Employee hereby releases and forever discharges the Employer, its affiliates, officers, directors, employees, agents, and representatives from any and all claims, demands, liabilities, actions, and causes of action, known or unknown, arising out of or related to the employment relationship between the parties, including but not limited to any claims arising under federal, state, or local laws prohibiting discrimination, harassment, or retaliation in employment.

Consideration: In consideration of the release set forth in Paragraph 1 above, the Employer agrees to pay the Employee the sum of $[Amount] within [Number] days of the execution of this Settlement Agreement.

Confidentiality: The parties agree to keep the terms and conditions of this Settlement Agreement confidential and not to disclose them to any third party, except as required by law or with the written consent of the other party.

Non-Disparagement: The parties agree not to make any disparaging remarks, comments, or statements about each other, either orally or in writing, to any third party.

No Admission of Liability: The parties agree that the execution of this Settlement Agreement is not an admission of liability or wrongdoing by either party.

Miscellaneous:

Governing Law: This Settlement Agreement shall be governed by and construed in accordance with the laws of [State/Country].

Entire Agreement: This Settlement Agreement constitutes the entire agreement between the parties with respect to the subject matter hereof and supersedes all prior and contemporaneous agreements and understandings, whether written or oral, relating to such subject matter.

Execution:

IN WITNESS WHEREOF, the parties have executed this Settlement Agreement as of the date first above written.

[Employer's Signature] [Employee's Signature]

[Employer's Name] [Employee's Name]

[Date] [Date]"
legal ,"Partnership Agreement

Partners:

This agreement is made on February 7, 2024, between:

Partner 1: Arjun Singh, residing at 123 Sunflower Lane, Kolkata, West Bengal, India.
Partner 2: Meera Patel, residing at 456 Rose Street, Mumbai, Maharashtra, India.
Terms of Partnership:

Purpose: The Partners agree to form a partnership for the purpose of jointly operating a restaurant business.
Capital Contribution: Partner 1 shall contribute ₹500,000, and Partner 2 shall contribute ₹300,000 towards the initial capital of the partnership.
Profits and Losses: Profits and losses shall be shared equally between the Partners.
Decision Making: Major decisions shall be made jointly by the Partners, with each Partner having an equal say.
Governing Law: This agreement shall be governed by the laws of India.
Signatures:

Partner 1 Signature: __________________________ Date: _______________

Partner 2 Signature: __________________________ Date: _______________"
financial,"1. Income Statement (Profit and Loss Statement)

Company Name: Fintech Corporation

For the Year Ended December 30, 2023

Revenue		$900,000
Cost of Goods Sold		$250,000
Gross Profit		$250,000
Operating Expenses		$100,000
Net Income		$150,000"
financial,"Balance Sheet

Company Name: Aarav Enterprises

As of December 30, 2023

Assets		Liabilities and Equity	
Cash		Accounts Payable	
Accounts Receivable		Long-term Debt	
Inventory		Shareholders' Equity	
Property, Plant, & Equipment		Total Liabilities and Equity	
Total Assets		"
financial,"Cash Flow Statement

Company Name: ABC Inc.

,mncxFor the Year Ended December 31, 2023

Operating Activities		Cash Flows from Investing Activities	
Net Income		Purchase of Property & Equipment	
Depreciation		Proceeds from Sale of Investments	
Changes in Working Capital			
Net Cash Provided by Operating Activities		Net Cash Used in Investing Activities	
Cash Flows from Financing Activities		Net Increase (Decrease) in Cash	
Issuance of Debt			
Repayment of Debt			
Payment of Dividends			
Net Cash Used in Financing Activities			
Net Cash Beginning of Year		Net Cash End of Year"
financial,"Statement of Retained Earnings

Company Name: fintech Limited

For the Year Ended December 31, 2023

Retained Earnings, January 1, 2023		$100,000
Add: Net Income for the Year		$70,000
Less: Dividends Declared		($150,000)
Retained Earnings, December 31, 2023		$130,000"
financial,"Statement of Comprehensive Income

Company Name: LMN Corp.

For the Year Ended December 31, 2023

Net Income		$200,000
Other Comprehensive Income (OCI)		
Unrealized Gain on Investments		$10,000
Foreign Currency Translation Adjustment		$5,000
Total Comprehensive Income		$215,000"
financial,"Statement of Changes in Equity

Company Name: OPQ Industries

For the Year Ended December 31, 2023

Beginning Equity		$500,000
Net Income		$100,000
Dividends Declared		($50,000)
Issuance of Common Stock		$50,000
Ending Equity		$600,000"
financial,"Trial Balance

Company Name: RST Corporation

As of December 31, 2023

Account		Debit	Credit
Cash			
Accounts Receivable			
Inventory			
Prepaid Expenses			
Property, Plant, & Equipment			
Accumulated Depreciation			
Accounts Payable			
Notes Payable			
Common Stock			
Retained Earnings			
Revenue			
Cost of Goods Sold			
Operating Expenses			
Interest Expense			
Dividends			
Income Taxes Expense			
Total			"
financial,"Revenue Recognition Schedule

Company Name: UVW Corporation

For the Year Ended December 31, 2023

Product/Service	Revenue Recognized
Product A	$100,000
Service B	$75,000
Product C	$50,000
Total	$225,000"
financial,"Cost of Goods Sold Schedule

Company Name: WXY Enterprises

For the Year Ended December 31, 2023

Beginning Inventory		$50,000
Purchases		$200,000
Ending Inventory		($30,000)
Cost of Goods Sold		$220,000"
financial,"Accounts Receivable Aging Report

Company Name: ZAB Ltd.

As of December 31, 2023

Customer	Current	1-30 Days	31-60 Days	Over 60 Days
Customer A	$10,000	$5,000	$2,000	$1,000
Customer B	$8,000	$3,000	$1,500	$500
Customer C	$15,000	$7,000	$3,000	$2,000
Total	$33,000	$15,000	$6,500	$3,500"
educational,"Textbook

Title: ""Introduction to Biology""

Author: Dr. Maya Gupta

Publisher: Science Press

Description: ""Introduction to Biology"" is a meticulously crafted textbook authored by Dr. Maya Gupta, a renowned biologist. This comprehensive textbook serves as an indispensable resource for students delving into the captivating world of biology. Covering a wide array of topics, from basic cell biology to complex ecological systems, the book provides clear explanations, illustrative diagrams, and thought-provoking examples to enhance understanding. With its engaging narrative and up-to-date content, ""Introduction to Biology"" equips learners with the foundational knowledge necessary to explore and excel in various branches of biological sciences.
"
educational,"Workbook

Title: ""Mathematics Practice Workbook: Grade 6""

Publisher: MathWorks

Description: Designed to complement classroom learning, the ""Mathematics Practice Workbook: Grade 6"" from MathWorks offers a wealth of exercises and problems tailored to the Grade 6 mathematics curriculum. This workbook provides students with ample opportunities to reinforce their mathematical skills, covering topics such as arithmetic, algebra, geometry, and data analysis. With its carefully curated content and diverse range of practice questions, students can sharpen their problem-solving abilities and build confidence in their mathematical proficiency"
educational,"Flashcards

Topic: Spanish Vocabulary

Description: These Spanish Vocabulary flashcards are an invaluable tool for language learners seeking to expand their repertoire of Spanish words and phrases. Each flashcard features a Spanish word on one side and its English translation on the other, facilitating quick and efficient memorization. Whether used for self-study or in group settings, these flashcards offer a convenient and effective way to enhance vocabulary acquisition and retention, making the language learning process both engaging and rewarding."
educational," Interactive Software

Title: ""ChemistryLab Simulator""

Developer: Virtual Education Software

Description: ""ChemistryLab Simulator"" is an innovative software developed by Virtual Education Software, offering students a dynamic platform to conduct virtual experiments in chemistry. Through interactive simulations, students can explore fundamental concepts in chemistry, including chemical reactions, stoichiometry, and molecular structures. With its user-friendly interface and realistic laboratory settings, the software provides a hands-on learning experience without the constraints of a physical lab. ""ChemistryLab Simulator"" empowers students to experiment, observe, and analyze chemical phenomena in a safe and engaging environment."
educational,"Educational Video

Title: ""The History of Ancient Rome""

Producer: History Channel

Description: Produced by the renowned History Channel, ""The History of Ancient Rome"" is a captivating documentary video that delves into the rich tapestry of ancient Roman civilization. Through expert narration, stunning visuals, and archival footage, the video chronicles key events, influential figures, and cultural developments that shaped the trajectory of ancient Rome. From the founding of the city to the fall of the Roman Empire, viewers are transported back in time to witness the rise and fall of one of history's most iconic civilizations, gaining valuable insights into its political, social, and cultural legacy."
educational," PowerPoint Presentation

Title: ""Introduction to Climate Change""

Author: Dr. Priya Patel

Description: Authored by Dr. Priya Patel, an esteemed environmental scientist, ""Introduction to Climate Change"" is an informative PowerPoint presentation designed to elucidate the complex phenomenon of climate change. Featuring visually engaging slides and concise explanations, the presentation provides an overview of the causes, impacts, and mitigation strategies related to climate change. Dr. Patel's expertise and passion for environmental conservation shine through as she navigates through topics such as greenhouse gas emissions, rising temperatures, and the need for sustainable solutions. With its educational content and thought-provoking insights, this presentation serves as a valuable resource for educators, students, and climate enthusiasts alike."
educational,"Educational Game

Title: ""Math Quest: Adventures in Algebra""

Developer: LearnPlay Studios

Description: ""Math Quest: Adventures in Algebra"" is an immersive educational game developed by LearnPlay Studios, designed to make learning algebra fun and engaging. Set in a fantasy world filled with puzzles and challenges, players embark on a thrilling adventure where they must solve algebraic equations to progress through various levels. With its vibrant graphics, captivating storyline, and interactive gameplay mechanics, ""Math Quest"" transforms abstract algebraic concepts into tangible experiences that resonate with players of all ages. By combining entertainment with education, this game fosters a deeper understanding and appreciation for the principles of algebra in an enjoyable and rewarding manner."
educational,"Teaching Aid:

Type: Periodic Table Poster

Description: The Periodic Table Poster is an indispensable teaching aid that provides students with a visual representation of the chemical elements and their properties. Displayed in a large-format layout, the poster features color-coded sections and detailed information about each element, including atomic number, symbol, and atomic weight. With its clear and concise presentation, the Periodic Table Poster serves as a valuable reference tool in chemistry classrooms, helping students grasp the periodic trends and relationships among the elements with ease.
"
educational,"Classroom Activity

Title: ""Science Experiment: Volcano Eruption""

Description: ""Science Experiment: Volcano Eruption"" is an exciting hands-on activity that brings the principles of geology and chemistry to life in the classroom. Students work collaboratively to create model volcanoes using household materials such as clay, baking soda, and vinegar. By carefully constructing their volcanoes and simulating eruptions with the chemical reaction between baking soda and vinegar, students gain insights into volcanic processes and learn about the properties of acids and bases. This interactive activity fosters curiosity, critical thinking, and scientific inquiry, making it a memorable and impactful learning experience for students of all ages."
educational,"Online Course

Title: ""Introduction to Computer Programming""

Platform: Coursera

Description: ""Introduction to Computer Programming"" is an online course offered on the Coursera platform, designed to introduce learners to the fundamentals of programming languages such as Python and Java. Taught by industry experts and academics, the course comprises video lectures, interactive coding exercises, and quizzes to help students develop essential programming skills. From basic syntax to algorithmic problem-solving, participants gain hands-on experience in writing code and solving real-world problems. With its flexible schedule and accessible format, this online course empowers learners to acquire valuable technical skills and embark on a rewarding journey in the field of computer programming."
business," Business Letter

Subject: Inquiry About Product Pricing

Description: A business letter serves as a formal means of communication between two parties, often used in situations where a permanent record or formality is required. In the context of an inquiry about product pricing, the letter would typically begin with a polite introduction, followed by a clear statement of the inquiry, including details such as the specific product or service of interest, desired quantity, and any customization requirements. The letter may also include a brief introduction to the sender's company and a request for additional information or a quotation. Closing the letter with a courteous closing remark and contact information encourages further communication and demonstrates professionalism. Business letters are commonly used for inquiries, proposals, complaints, and other formal correspondence in the business world."
business,"Email

Subject: Meeting Confirmation

Description: Email has become one of the most common forms of business due to its efficiency and immediacy. In the context of a meeting confirmation, the email typically begins with a concise subject line indicating the purpose of the communication. The body of the email includes a friendly greeting, followed by a confirmation of the meeting details, such as the date, time, location, and agenda. Any attachments or additional information relevant to the meeting may also be included. Closing the email with a polite closing remark and contact information ensures clarity and professionalism. Email is widely used for various purposes in business communication, including inquiries, announcements, updates, and follow-ups, making it an essential tool for effective collaboration.
"
business,"Memo

Subject: Policy Update

Description: A memorandum, or memo, is an internal communication tool used within an organization to convey important information to employees. In the context of a policy update, the memo typically begins with a clear subject line indicating the topic of the communication. The body of the memo provides details about the updated policy, including the rationale behind the change, any actions required by employees, and the effective date of the update. Memos are often concise and to the point, using bullet points or numbered lists to highlight key information. Closing the memo with a call to action or invitation for questions encourages employee engagement and ensures understanding. Memos are commonly used for policy updates, announcements, reminders, and other internal communications in the workplace."
business,"Proposal

Title: Proposal for Website Development Services

Description: A business proposal is a formal document submitted to a prospective client outlining a proposed solution to their needs or problems. In the context of a proposal for website development services, the document typically begins with a title page containing the title of the proposal, the name of the client, and the date of submission. The body of the proposal includes sections such as an executive summary, an overview of the client's requirements, the proposed solution, pricing and payment terms, and a timeline for completion. The proposal may also include case studies, testimonials, and information about the company's experience and expertise in website development. Closing the proposal with a call to action and contact information encourages the client to take the next steps. Business proposals are essential for winning new clients and securing contracts in various industries.v"
business," Invoice

Invoice Number: INV-2024-001

Description: An invoice is a commercial document issued by a seller to a buyer indicating the products, quantities, and agreed prices for products or services provided. In the context of an invoice, the document typically begins with the seller's contact information, followed by the buyer's contact information and the invoice number and date. The body of the invoice includes a detailed list of products or services provided, along with their corresponding prices, quantities, and subtotal amounts. The invoice may also include any applicable taxes, discounts, and shipping charges, as well as the total amount due and payment terms. Closing the invoice with payment instructions and contact information ensures prompt and accurate payment processing. Invoices are essential for tracking sales, managing accounts receivable, and facilitating timely payments between businesses."
business,"Purchase Order

PO Number: PO-2024-001

Description: A purchase order is a commercial document issued by a buyer to a seller indicating the products or services requested and the terms and conditions of the purchase. In the context of a purchase order, the document typically begins with the buyer's contact information, followed by the seller's contact information and the purchase order number and date. The body of the purchase order includes a detailed list of products or services requested, along with their corresponding prices, quantities, and total amounts. The purchase order may also include shipping instructions, delivery dates, payment terms, and any other relevant terms and conditions. Closing the purchase order with contact information ensures clear communication and facilitates order processing. Purchase orders are essential for initiating and tracking purchases, managing inventory, and ensuring timely delivery of goods and services."
business,"Thank-You Letter

Subject: Appreciation for Partnership Collaboration

Description: A thank-you letter is a formal expression of gratitude and appreciation sent by one party to another to acknowledge their support, assistance, or contribution. In the context of a thank-you letter for partnership collaboration, the letter typically begins with a sincere expression of thanks and appreciation for the partnership and the value it has brought to both parties. The body of the letter may include specific examples of how the collaboration has been beneficial, as well as any plans for future collaboration or partnership opportunities. Closing the letter with a warm closing remark and contact information reinforces goodwill and encourages continued collaboration. Thank-you letters are essential for maintaining positive relationships, fostering loyalty, and showing appreciation for business partners, clients, and stakeholders.
"
business,"Press Release

Title: Company Announcement: New Product Launch

Description: A press release is an official statement issued by a company to the media and the public to announce significant news or events. In the context of a press release for a new product launch, the document typically begins with a catchy headline and a brief introduction to the company and the new product. The body of the press release provides detailed information about the product, including its features, benefits, availability, and pricing. The press release may also include quotes from company executives, customer testimonials, and information about launch events or promotions. Closing the press release with contact information for media inquiries ensures accessibility and facilitates follow-up coverage. Press releases are essential for generating publicity, raising awareness, and attracting attention to new products, initiatives, or milestones."
business," Meeting Minutes

Meeting Date: January 15, 2024

Description: Meeting minutes are a formal record of the discussions, decisions, and action items from a business meeting. In the context of meeting minutes for a specific meeting, the document typically begins with details such as the meeting date, time, location, and attendees. The body of the meeting minutes provides a chronological summary of the meeting proceedings, including topics discussed, decisions made, and any action items assigned to individuals. Meeting minutes may also include relevant documents, presentations, or attachments discussed during the meeting. Closing the meeting minutes with details about the next meeting date and time ensures clarity and accountability for follow-up actions. Meeting minutes are essential for documenting meetings, preserving institutional memory, and ensuring alignment and accountability among participants."
business,"Business Report

Title: Quarterly Sales Report

Description: A business report is a formal document prepared by a company to provide information, analysis, and insights on specific topics or areas of interest. In the context of a quarterly sales report, the document typically begins with an executive summary summarizing key findings and recommendations. The body of"
news,"Breaking News Article

Title: ""Explosion Reported at City Center; Emergency Services Rushed to Scene""

Description: A breaking news article provides immediate coverage of a significant event or incident as it unfolds. In this case, the article reports on an explosion in the city center, highlighting the initial details, emergency response efforts, and any immediate impacts on public safety or infrastructure.
"
news," Investigative Report

Title: ""Uncovering Corruption: Inside the Government Contract Scandal""

Description: An investigative report delves deep into a specific issue or topic, often uncovering hidden truths or exposing wrongdoing. This article investigates a government contract scandal, revealing details of corruption, fraud, or unethical behavior, and its implications for public trust and accountability."
news,"Feature Article

Title: ""The Rise of Remote Work: Transforming the Future of Employment""

Description: A feature article provides in-depth analysis or human-interest stories on a particular subject. This article explores the phenomenon of remote work, examining its growing popularity, benefits, challenges, and long-term impact on employment trends, workplace culture, and society.
"
news,"Opinion Piece/Editorial

Title: ""Opinion: Why Climate Change Requires Urgent Action Now""

Description: An opinion piece or editorial provides a platform for authors to express their viewpoints, perspectives, and arguments on current issues or events. In this opinion piece, the author advocates for urgent action on climate change, presenting a compelling case for why immediate intervention is essential to mitigate its devastating effects. Drawing on scientific evidence, expert opinions, and personal convictions, the author argues that the consequences of inaction are dire and far-reaching, affecting not only the environment but also human health, economies, and future generations. The opinion piece seeks to persuade readers to prioritize climate change mitigation efforts and to hold governments, corporations, and individuals accountable for their role in addressing this global crisis.
"
news,"Human Interest Story

Title: ""Local Hero: How One Teacher's Act of Kindness Inspired an Entire Community""

Description: A human interest story focuses on the personal experiences, emotions, and relationships of individuals, often highlighting acts of kindness, resilience, or extraordinary achievements. This article tells the heartwarming story of a teacher whose small act of kindness had a profound impact on the lives of her students and the community at large. It narrates the events leading up to the teacher's selfless gesture, the reactions of those involved, and the ripple effects it creates, inspiring others to pay it forward. Through interviews with the teacher, students, and community members, the article captures the essence of human compassion and the power of community solidarity in making a positive difference in people's lives."
news,"Trend Analysis Article

Title: ""The Metaverse Revolution: Exploring the Future of Digital Interaction""

Description: A trend analysis article examines emerging patterns, developments, or phenomena within a particular industry, sector, or societal context. This article dives into the concept of the metaverse, a virtual shared space created by the convergence of augmented reality, virtual reality, and other digital technologies. It explores the implications of the metaverse on various aspects of human life, such as social interaction, entertainment, commerce, and education. Drawing on insights from industry experts, technological advancements, and consumer behavior trends, the article offers a comprehensive analysis of the opportunities and challenges presented by the metaverse and its potential to reshape the way we live, work, and play in the digital age.
"
news,"Event Coverage Article

Title: ""Celebrating Diversity: Highlights from the Annual Cultural Festival""

Description: An event coverage article provides a detailed account of a specific event, capturing its atmosphere, significance, and key moments. This article recounts the highlights of the annual cultural festival, showcasing the vibrant performances, interactive exhibits, and diverse cuisines that were featured at the event. It includes interviews with organizers, participants, and attendees, offering insights into the motivations behind the festival and its impact on promoting cultural exchange and understanding. Through vivid descriptions and compelling visuals, the article transports readers to the heart of the festivities, conveying the spirit of unity, inclusivity, and celebration that defines the cultural festival."
news,"Profile/Biography

Title: ""Trailblazer in Science: The Life and Legacy of Dr. Jane Smith""

Description: A profile or biography provides a detailed portrait of a particular individual, highlighting their background, achievements, and contributions to society. This article celebrates the life and legacy of Dr. Jane Smith, a pioneering scientist whose groundbreaking research revolutionized her field. It traces Dr. Smith's journey from her humble beginnings to her trailblazing discoveries, exploring the challenges she faced, the milestones she achieved, and the impact of her work on science and society. Through interviews with colleagues, collaborators, and family members, the article offers a glimpse into Dr. Smith's personality, passions, and enduring legacy, inspiring readers with her dedication, perseverance, and quest for knowledge."
news,"Reviews/Critiques

Title: ""Film Review: Exploring Themes of Identity and Belonging in 'The Newcomer'""

Description: A review or critique evaluates a specific work of art, entertainment, or cultural artifact, providing insights, analysis, and recommendations to readers. This article reviews the film ""The Newcomer,"" analyzing its themes, performances, cinematography, and overall impact on viewers. It offers a balanced assessment of the film's strengths and weaknesses, discussing its narrative depth, emotional resonance, and relevance to contemporary issues of identity and belonging. Through thoughtful critique and contextualization, the article helps readers navigate their viewing choices and engage critically with the film's artistic merits and sociocultural implications.
"
news," Round-Up/Compilation Article

Title: ""Year in Review: Top 10 News Stories That Shaped 2024""

Description: A round-up or compilation article consolidates and summarizes a selection of related content, providing readers with an overview of key events, trends, or developments within a specific timeframe or topic. This article reflects on the top 10 news stories that made headlines and captured public attention in the year 2024. It highlights significant events from various domains, such as politics, economics, technology, culture, and sports, offering readers a



"
technical,"User Manual

Title: Smart Thermostat User Manual

Description: A user manual is a comprehensive guide provided to end-users of a product to assist them in understanding its features, operation, maintenance, and troubleshooting procedures. In the case of a smart thermostat user manual, it typically includes detailed instructions on how to install the thermostat, set up the device using the accompanying mobile app or interface, program temperature schedules, adjust settings, and troubleshoot common issues. The manual may also contain safety precautions, warranty information, and tips for optimal usage. With clear explanations, diagrams, and step-by-step instructions, the user manual empowers consumers to effectively utilize and enjoy the functionalities of the smart thermostat.
"
technical,"Installation Manual

Title: Solar Panel Installation Guide

Description: An installation manual provides detailed instructions for the proper setup and installation of a product or system. In the case of a solar panel installation guide, it includes step-by-step procedures for mounting solar panels on various surfaces such as roofs or ground mounts, connecting them to inverters, and wiring them to the electrical grid or battery storage systems. The manual typically includes diagrams, technical specifications, and safety precautions to ensure the installation is performed correctly and safely. By following the guidelines outlined in the installation manual, installers can ensure the efficient and reliable operation of the solar panel system while minimizing the risk of errors or accidents.
"
technical,"Service Manual

Title: Automobile Service and Repair Manual

Description: A service manual is a technical document designed for automotive technicians and mechanics, providing detailed information on diagnosing, servicing, and repairing vehicles. In the case of an automobile service and repair manual, it covers topics such as engine maintenance, transmission repair, electrical system troubleshooting, brake system inspection, and HVAC servicing. The manual includes comprehensive diagrams, schematics, and diagnostic procedures to assist technicians in identifying and resolving mechanical issues effectively. With detailed specifications, torque values, and troubleshooting tips, the service manual serves as a valuable resource for maintaining and repairing automobiles to ensure optimal performance and safety on the road.
"
technical," Operations Manual

Title: Industrial Machinery Operations Manual

Description: An operations manual is a document that outlines the procedures and protocols for operating a complex system or machinery. In the case of an industrial machinery operations manual, it provides detailed instructions on starting, operating, monitoring, and shutting down industrial equipment such as manufacturing machines, conveyor systems, or heavy machinery. The manual includes safety guidelines, operational procedures, maintenance schedules, and emergency protocols to ensure the safe and efficient operation of the machinery. By following the guidelines outlined in the operations manual, operators can minimize downtime, prevent accidents, and maximize productivity in industrial settings."
technical,"Training Manual

Title: Software Training Guide

Description: A training manual is a resource used to train individuals on the usage, functionality, and best practices associated with a particular software application or system. In the case of a software training guide, it provides comprehensive instructions, tutorials, and exercises to familiarize users with the software interface, features, and functionalities. The manual may include step-by-step tutorials, screenshots, and interactive exercises to facilitate hands-on learning. Additionally, it may cover advanced topics such as customization options, shortcuts, and troubleshooting techniques. With clear explanations and practical examples, the training manual enables users to acquire the skills and proficiency needed to effectively utilize the software for their specific needs."
technical,"Technical Reference Manual

Title: Network Router Technical Reference Guide

Description: A technical reference manual is a detailed document that provides in-depth information on the technical specifications, architecture, and configuration options of a product or system. In the case of a network router technical reference guide, it includes detailed descriptions of hardware components, network protocols, routing algorithms, and configuration commands. The manual serves as a comprehensive reference for network administrators, engineers, and developers seeking to understand the inner workings of the router and configure it to meet specific networking requirements. With detailed technical information and command syntax, the reference manual empowers users to optimize network performance, troubleshoot issues, and customize router configurations to suit their needs.
"
technical,"Maintenance Manual

Title: Aircraft Maintenance Handbook

Description: A maintenance manual provides guidelines and procedures for maintaining and servicing equipment, machinery, or systems to ensure their continued reliability and performance. In the case of an aircraft maintenance handbook, it contains detailed instructions for inspecting, servicing, and repairing aircraft components such as engines, avionics systems, landing gear, and airframes. The manual includes scheduled maintenance tasks, inspection intervals, troubleshooting procedures, and component replacement guidelines to comply with aviation regulations and ensure the airworthiness of the aircraft. With comprehensive maintenance procedures and safety precautions, the handbook assists maintenance technicians and engineers in performing essential tasks to keep aircraft in optimal operating condition.
"
technical,"Configuration Manual

Title: Network Switch Configuration Guide

Description: A configuration manual provides instructions and guidelines for configuring and customizing the settings of a device or system to meet specific requirements. In the case of a network switch configuration guide, it includes step-by-step procedures for setting up the switch, configuring network ports, VLANs, Quality of Service (QoS), and security features. The manual may also cover advanced configurations such as link aggregation, spanning tree protocols, and multicast routing. With detailed command syntax and configuration examples, the guide assists network administrators in deploying and managing network switches efficiently and ensuring optimal network performance and security."
technical,"Troubleshooting Guide

Title: Printer Troubleshooting Handbook

Description: A troubleshooting guide is a resource used to identify and resolve common issues or problems encountered with a product or system. In the case of a printer troubleshooting handbook, it contains a comprehensive"
technical," Safety Manual

Title: Construction Site Safety Handbook

Description: A safety manual serves as a crucial resource for ensuring the health and well-being of workers and personnel in hazardous environments. In the context of a construction site safety handbook, it provides comprehensive guidelines, protocols, and procedures to mitigate risks and prevent accidents on construction sites. The manual covers topics such as personal protective equipment (PPE), hazard identification, emergency response protocols, and safety regulations and standards. It includes detailed instructions for conducting safety inspections, implementing safety protocols, and addressing potential hazards such as falls, electrical hazards, and hazardous materials. By promoting a culture of safety and awareness, the handbook aims to protect workers from injuries and fatalities and ensure compliance with occupational health and safety regulations in the construction industry.



"
creative,"Short Story

Title: ""The Forgotten Key""

Description: ""The Forgotten Key"" is a short story that explores themes of loss, redemption, and the resilience of the human spirit. Set in a small coastal town, the story follows protagonist Emily as she uncovers an old key buried in the sand, unlocking memories of a long-forgotten past. Through vivid imagery and evocative prose, the story weaves together elements of mystery and nostalgia, drawing readers into Emily's journey of self-discovery and reconciliation with her family's history.
"
creative,"Poem

Title: ""Eternal Serenade""

Description: ""Eternal Serenade"" is a lyrical poem that captures the fleeting beauty of love and the passage of time. Through rich metaphors and poignant imagery, the poem explores the enduring bond between two souls as they navigate the complexities of life and love. Each stanza paints a vivid portrait of the couple's journey, from the tender whispers of youth to the bittersweet echoes of memory in old age. ""Eternal Serenade"" invites readers to immerse themselves in the timeless melody of love's eternal dance.
"
creative,"Flash Fiction

Title: ""The Last Train Home""

Description: ""The Last Train Home"" is a piece of flash fiction that transports readers to a bustling train station on a stormy night. In just a few hundred words, the story unfolds with a sense of urgency and suspense as protagonist Jake races against time to catch the last train home. Through concise prose and sharp dialogue, the narrative captures the tension and uncertainty of the moment, culminating in a surprising twist that leaves readers breathless."
creative,"Personal Essay

Title: ""Finding Home: A Journey of Self-Discovery""

Description: ""Finding Home: A Journey of Self-Discovery"" is a deeply introspective personal essay that chronicles the author's quest to find a sense of belonging in an ever-changing world. Through candid reflections and intimate anecdotes, the essay explores themes of identity, culture, and belonging, inviting readers to reflect on their own experiences of home and displacement. From childhood memories to cross-cultural encounters, the narrative offers a poignant meditation on the search for meaning and connection in a world filled with uncertainty."
creative,"Dialogue Scene

Title: ""Coffee Shop Confessions""

Description: ""Coffee Shop Confessions"" is a dialogue scene that unfolds in a cozy corner of a bustling café. Through sharp wit and playful banter, the scene captures the chemistry between two strangers who strike up an unexpected conversation over steaming cups of coffee. As the dialogue unfolds, layers of vulnerability and authenticity emerge, revealing the characters' hopes, fears, and dreams. With each exchange, ""Coffee Shop Confessions"" invites readers to eavesdrop on a fleeting moment of connection in the chaos of everyday life."
creative,"Fantasy World-building

Title: ""The Kingdom of Eldoria""

Description: ""The Kingdom of Eldoria"" is a piece of fantasy world-building that invites readers to explore a richly imagined realm filled with magic, mystery, and adventure. From the towering spires of the royal castle to the enchanted forests teeming with mythical creatures, the world of Eldoria is brought to life through intricate detail and immersive storytelling. With its diverse cast of characters and epic quests, ""The Kingdom of Eldoria"" sparks the imagination and invites readers to embark on an unforgettable journey through lands unknown."
creative,"Character Monologue

Title: ""Soliloquy of the Wanderer""

Description: ""Soliloquy of the Wanderer"" is a character monologue that offers a glimpse into the inner thoughts and emotions of a lone traveler on a journey of self-discovery. Through introspective reflections and raw emotion, the monologue delves deep into the protagonist's psyche as they grapple with questions of purpose, identity, and belonging. From the solitude of the open road to the quiet moments of introspection beneath the starlit sky, ""Soliloquy of the Wanderer"" captures the essence of the human experience in all its complexity and beauty."
creative," Epistolary Story

Title: ""Letters from Afar""

Description: ""Letters from Afar"" is an epistolary story told through a series of letters exchanged between two lovers separated by time and distance. Set against the backdrop of war-torn Europe, the story follows the correspondence between Sarah, a young nurse stationed abroad, and James, her sweetheart back home. Through their letters, readers witness the highs and lows of their relationship as they navigate the challenges of separation, longing, and uncertainty. With each heartfelt exchange, ""Letters from Afar"" paints a poignant portrait of love in the face of adversity."
creative,"Surrealist Poetry

Title: ""Dreamscape Symphony""

Description: ""Dreamscape Symphony"" is a surrealist poem that invites readers on a mesmerizing journey through the landscapes of the subconscious mind. Through vivid imagery and surreal juxtapositions, the poem explores the realms of dreams, memories, and imagination. From swirling galaxies to whispering forests, each stanza unfolds with a sense of wonder and mystery, blurring the boundaries between reality and fantasy. ""Dreamscape Symphony"" is a kaleidoscopic ode to the power of the human imagination to transcend the confines of the physical world and explore the boundless possibilities of the mind."
creative,"Historical Fiction

Title: ""Echoes of Revolution""

Description: ""Echoes of Revolution"" is a work of historical fiction that transports readers to the tumultuous streets of 18th-century Paris during the French Revolution. Through the eyes of protagonist Marie, a young seamstress swept"
scientific,"Experimental Research Paper

Title: Investigating the Effects of Temperature on Plant Growth

Description: An experimental research paper focuses on conducting controlled experiments to investigate a specific scientific hypothesis or question. For example, a study titled ""Investigating the Effects of Temperature on Plant Growth"" may involve setting up controlled environmental conditions to observe how varying temperatures affect the growth rates of plants. The paper typically includes sections such as an introduction outlining the research question and hypothesis, a methodology detailing the experimental design and procedures, results presenting the findings, discussion interpreting the results and their implications, and conclusions summarizing the key findings and suggesting avenues for further research."
scientific,"Review Paper

Title: A Comprehensive Review of Cancer Immunotherapy Strategies

Description: A review paper synthesizes and evaluates existing literature on a particular topic, providing a comprehensive overview of the current state of knowledge in the field. For instance, a paper titled ""A Comprehensive Review of Cancer Immunotherapy Strategies"" may critically examine various approaches to harnessing the immune system to combat cancer. It typically includes sections such as an introduction providing context for the review, a literature review summarizing key findings from existing studies, discussions on trends, controversies, and gaps in the literature, and conclusions offering insights and recommendations for future research directions."
scientific,"Case Study

Title: A Case Study of Patient X: Treatment Outcomes in Rare Genetic Disorder

Description: A case study paper presents an in-depth analysis of a particular case or individual, often focusing on rare or unique phenomena. For example, a paper titled ""A Case Study of Patient X: Treatment Outcomes in Rare Genetic Disorder"" may document the clinical presentation, diagnosis, treatment, and outcomes of a patient with a rare genetic condition. It typically includes sections such as background information on the condition, details of the case presentation and management, discussions on relevant clinical considerations, and conclusions highlighting key insights and implications for clinical practice."
scientific,"Meta-Analysis

Title: Meta-Analysis of Randomized Controlled Trials on the Efficacy of Antidepressant Medications

Description: A meta-analysis integrates and analyzes data from multiple independent studies to draw overarching conclusions or identify patterns across the literature. For instance, a paper titled ""Meta-Analysis of Randomized Controlled Trials on the Efficacy of Antidepressant Medications"" may aggregate data from numerous clinical trials to evaluate the overall effectiveness of antidepressant drugs. It typically includes sections such as an introduction framing the research question, methods detailing the search strategy and inclusion criteria, results presenting the pooled data and statistical analyses, discussions on the implications and limitations of the findings, and conclusions summarizing the key insights and recommendations for practice or further research."
scientific,"Conceptual Paper

Title: A Conceptual Framework for Understanding Microbial Interactions in Soil Ecosystems

Description: A conceptual paper proposes novel frameworks or theoretical models to explain complex phenomena or advance understanding in a particular field. For example, a paper titled ""A Conceptual Framework for Understanding Microbial Interactions in Soil Ecosystems"" may introduce a theoretical framework delineating the roles of different microbial species in soil ecology and nutrient cycling. It typically includes sections such as an introduction outlining the conceptual problem or gap in knowledge, a conceptual framework presenting the proposed model or theory, discussions on its implications and applications, and conclusions highlighting its significance and potential for further research"
scientific," Longitudinal Study

Title: Longitudinal Study of Cognitive Development in Children with Autism Spectrum Disorder

Description: A longitudinal study follows individuals or cohorts over an extended period to track changes or developments in a particular phenomenon. For instance, a paper titled ""Longitudinal Study of Cognitive Development in Children with Autism Spectrum Disorder"" may assess cognitive functioning in children with autism over several years to examine trajectories of development and identify factors influencing outcomes. It typically includes sections such as background information on the study population, methods detailing the study design and data collection procedures, results presenting longitudinal data and analyses, discussions on the implications and interpretations of the findings, and conclusions summarizing the key insights and recommendations for future research or interventions.
"
scientific,"Theoretical Paper

Title: A Theoretical Framework for Understanding Quantum Entanglement

Description: A theoretical paper develops new theories or extends existing theoretical frameworks to address fundamental questions or phenomena in science. For example, a paper titled ""A Theoretical Framework for Understanding Quantum Entanglement"" may propose novel concepts or mathematical models to elucidate the mysterious phenomenon of quantum entanglement. It typically includes sections such as an introduction outlining the theoretical problem or puzzle, a theoretical framework presenting the proposed theory or model, discussions on its implications and testable predictions, and conclusions summarizing its contributions to the field and avenues for future research."
scientific,"Field Study

Title: Field Study of Biodiversity in Tropical Rainforests

Description: A field study involves conducting research directly in natural settings to observe and analyze phenomena in their real-world context. For instance, a paper titled ""Field Study of Biodiversity in Tropical Rainforests"" may document observations and data collected during expeditions to study plant and animal diversity in rainforest ecosystems. It typically includes sections such as background information on the study area, methods detailing fieldwork procedures and data collection techniques, results presenting findings from field observations and analyses, discussions on the ecological significance and conservation implications, and conclusions summarizing the key insights and recommendations for future research or conservation efforts.
"
scientific,"Cross-Sectional Study

Title: Cross-Sectional Study on Dietary Patterns and Cardiovascular Health

Description: A cross-sectional study examines data collected at a single point in time to explore relationships between variables or characteristics within a population. For example, a paper titled ""Cross-Sectional Study on Dietary Patterns and Cardiovascular Health"" may analyze survey data from a large cohort of participants to investigate the associations between dietary habits and cardiovascular disease risk factors. It typically includes sections such as background information on the study aims and population, methods detailing the study design and data collection procedures, results presenting statistical analyses and associations, discussions on the implications and limitations of the findings, and conclusions summarizing the key insights and recommendations for future research or public health interventions."
scientific," Descriptive Research Paper

Title: Descriptive Analysis of Atmospheric Pollution Levels in Urban Environments

Description: A descriptive research paper provides detailed descriptions and analyses of phenomena or trends without necessarily seeking to establish causal relationships. For instance, a paper titled ""Descriptive Analysis of Atmospheric Pollution Levels in Urban Environments"" may present findings from monitoring stations across a city, detailing pollutant concentrations, spatial distribution patterns, and temporal variations over time. It typically includes sections such as an introduction providing context for the study, methods outlining data collection and analysis procedures, results presenting descriptive statistics and visualizations, discussions on the significance and implications of the findings, and conclusions summarizing key observations and suggesting areas for further investigation or policy interventions."
government,"Legislation

Title: Clean Air Act
Description: The Clean Air Act is a landmark piece of environmental legislation enacted by the legislative body aimed at reducing air pollution and protecting public health and the environment. It outlines regulatory standards for air quality, emissions controls, and enforcement mechanisms to ensure compliance by industries and individuals."
government,"Executive Order

Title: Executive Order 13769
Description: Executive Order 13769 is an official directive issued by the head of government that has the force of law. It aims to restrict travel from certain countries and suspend refugee admissions, addressing national security and immigration policy."
government,"Budget Proposal

Title: Fiscal Year 2023 Budget Proposal
Description: The Fiscal Year 2023 Budget Proposal is a detailed plan submitted by the executive branch outlining projected revenues, expenditures, and fiscal policies. It serves as a blueprint for government spending and revenue-raising measures, subject to approval by the legislative branch."
government,"Census Data

Title: 2020 United States Census Report
Description: The 2020 United States Census Report provides demographic information collected through a national census. It includes data on population size, age distribution, race, ethnicity, household composition, and geographic distribution, used for congressional apportionment, redistricting, and policy planning."
government,"Court Ruling

Title: Brown v. Board of Education
Description: Brown v. Board of Education is a landmark U.S. Supreme Court ruling declaring racial segregation in public schools unconstitutional. It interprets and applies laws and constitutional provisions, establishing legal precedents guiding future judicial decisions and government policies."
government,"Regulatory Guidance

Title: Food and Drug Administration (FDA) Guidance Document
Description: The FDA Guidance Document provides regulatory guidance on food and drug safety and efficacy. It outlines standards and procedures for compliance with FDA regulations, ensuring the safety and effectiveness of food and drug products"
government,"Public Policy Report

Title: National Climate Change Policy Report
Description: The National Climate Change Policy Report outlines the government's strategy and initiatives to address climate change. It includes goals, targets, and action plans for mitigating greenhouse gas emissions, adapting to climate impacts, and promoting sustainable development."
government,"Environmental Impact Statement (EIS)

Title: Proposed Highway Expansion Project EIS
Description: The Proposed Highway Expansion Project EIS evaluates the potential environmental impacts of a proposed infrastructure project. It assesses factors such as air and water quality, wildlife habitats, and community impacts to inform decision-making and permit approvals."
government,"Public Health Advisory

Title: Centers for Disease Control and Prevention (CDC) Public Health Advisory
Description: The CDC Public Health Advisory provides guidance on emerging health threats and disease outbreaks. It includes recommendations for disease prevention, control measures, and public health interventions to protect communities and minimize health risks."
government," Government Audit Report

Title: Internal Revenue Service (IRS) Audit Report
Description: The IRS Audit Report assesses compliance with tax laws and regulations. It identifies areas of non-compliance, tax liabilities, and recommendations for corrective actions to ensure fairness and integrity in tax administration."
legal ,"This Non-Disclosure Agreement (""Agreement"") is entered into as of February 8, 2024, by and between:

Alpha Innovations Inc., a corporation organized and existing under the laws of the Republic of Veridian, with its principal place of business located at 1234 Innovation Drive, Veridian City, Veridian, hereinafter referred to as the ""Disclosing Party"";

and

Beta Solutions Ltd., a corporation organized and existing under the laws of the Kingdom of Eldoria, with its principal place of business located at 5678 Solutions Avenue, Eldoria City, Eldoria, hereinafter referred to as the ""Recipient Party"".

WHEREAS, the Disclosing Party possesses certain confidential and proprietary information (the ""Confidential Information"") relating to Quantum Computing Technology, which it desires to disclose to the Recipient Party;

WHEREAS, the Recipient Party desires to receive such Confidential Information for the sole purpose of exploring potential collaboration opportunities;

NOW, THEREFORE, in consideration of the mutual covenants contained herein, and for other good and valuable consideration, the receipt and sufficiency of which are hereby acknowledged, the parties hereto agree as follows:

Confidential Information: For the purposes of this Agreement, ""Confidential Information"" shall mean any and all information, data, or material disclosed by the Disclosing Party to the Recipient Party, whether in written, oral, electronic, or other form, which is designated as confidential or which, given the nature of the information or circumstances surrounding its disclosure, reasonably should be understood to be confidential.

Non-Disclosure: The Recipient Party agrees to hold the Confidential Information in strict confidence and to take all reasonable precautions to protect such Confidential Information from unauthorized disclosure or use. The Recipient Party shall not disclose, divulge, or make available any Confidential Information to any third party without the prior written consent of the Disclosing Party.

Use of Confidential Information: The Recipient Party agrees that it shall use the Confidential Information solely for the purpose of evaluating potential collaboration opportunities and shall not use the Confidential Information for any other purpose without the prior written consent of the Disclosing Party.

Return of Confidential Information: Upon the written request of the Disclosing Party, or upon termination of this Agreement, whichever occurs first, the Recipient Party shall promptly return to the Disclosing Party all documents, records, or other materials containing or embodying the Confidential Information and any copies thereof.

Term: This Agreement shall commence on the Effective Date and shall continue in full force and effect until February 8, 2026, or until terminated by either party upon thirty (30) days written notice to the other party.

Governing Law: This Agreement shall be governed by and construed in accordance with the laws of the Republic of Veridian, without giving effect to any choice or conflict of law provision or rule.

IN WITNESS WHEREOF, the parties hereto have executed this Agreement as of the date first above written."
